fname,label,Acoustic_guitar,Bass_drum,Cello,Clarinet,Double_bass,Flute,Hi-hat,Saxophone,Snare_drum,Violin_or_fiddle,y_pred
5388d14d.wav,Saxophone,0.0001324231270700693,0.019366681575775146,0.01123568881303072,0.0007491075084544718,0.00014942255802452564,0.030608035624027252,0.0001827771047828719,0.9369277954101562,4.158738647674909e-06,0.0006440038559958339,Saxophone
c685f05f.wav,Saxophone,0.0016000174218788743,0.00046064885100349784,0.001028608763590455,0.007073893211781979,0.0007287804037332535,0.09376038610935211,6.748593364136468e-07,0.8919859528541565,1.034336401062319e-05,0.0033506278414279222,Saxophone
36d20ab5.wav,Saxophone,5.5388434702763334e-05,2.1594480131170712e-05,0.0026105272118002176,0.00015397641982417554,0.0005244364147074521,0.00016742812294978648,2.868536341793515e-08,0.9962730407714844,9.920753655023873e-05,9.43575068959035e-05,Saxophone
d6665734.wav,Saxophone,0.004058357328176498,0.0009412415092810988,0.027588006108999252,5.440892437036382e-06,0.005214314442127943,0.00018754496704787016,5.800026681157533e-09,0.9536409974098206,0.007289843168109655,0.0010743369348347187,Saxophone
7352e28f.wav,Saxophone,8.720546063045731e-09,3.2100341940122235e-08,1.835288259144363e-07,0.00022443097259383649,8.10367964731995e-06,0.014804517850279808,8.436387168280629e-15,0.9849625825881958,2.447510805136943e-10,1.8853826588838274e-07,Saxophone
8fa096bf.wav,Saxophone,0.00029178502154536545,3.960058529628441e-05,0.0004819158639293164,0.0016819837037473917,0.0014022188261151314,0.0035993154160678387,8.22881338535808e-06,0.9903144836425781,5.3728552302345634e-05,0.0021268681157380342,Saxophone
2f9c5f62.wav,Saxophone,7.171203151301597e-07,1.0435379635964637e-06,3.2920448234108335e-07,0.05658169090747833,5.052569031249732e-05,0.009971554391086102,1.6235426869570802e-07,0.9100415110588074,0.02330181375145912,5.053461791248992e-05,Saxophone
9cd05a2b.wav,Saxophone,7.853305578464642e-05,3.029979779967107e-06,0.0002695422153919935,0.0006472064414992929,9.822962283578818e-07,0.008127150125801563,1.0600952116135431e-08,0.9847004413604736,2.328274376850459e-06,0.006170975975692272,Saxophone
ab465bf9.wav,Saxophone,2.4058905978563416e-07,1.1732164129085731e-09,2.5670612302519658e-08,8.297795517364648e-08,8.973586318461457e-09,0.0028390281368047,3.329222680414738e-14,0.9971606731414795,3.2717670239712504e-10,1.2556170325694893e-08,Saxophone
c40632d7.wav,Saxophone,0.0063821375370025635,0.0019213010091334581,0.019971054047346115,0.024664344266057014,0.0011404126416891813,0.015791404992341995,2.8004458727082238e-05,0.9287433624267578,0.0003576770832296461,0.0010001795599237084,Saxophone
3a80061f.wav,Saxophone,0.00605341512709856,7.510494469897822e-05,0.004250654019415379,0.008880948647856712,0.00011718610039679334,0.017073703929781914,3.9360145365208155e-07,0.9524435997009277,0.00022152716701384634,0.010883559472858906,Saxophone
dba6817d.wav,Saxophone,9.618279000278562e-05,9.854502422967926e-05,0.04764251783490181,0.0003610681160353124,2.141300319635775e-05,0.0013717716792598367,0.0029882094822824,0.9471879601478577,2.093676357617369e-06,0.00023031712044030428,Saxophone
25f26095.wav,Saxophone,6.774581038371252e-07,2.684038736333605e-05,0.00013503857189789414,8.283192983071785e-06,0.00011682933836709708,0.0018618463072925806,3.7485620163479894e-10,0.9976242780685425,3.3918727240234148e-06,0.0002227704244432971,Saxophone
37cebbd4.wav,Saxophone,0.0001603592827450484,6.507303851321922e-07,0.00033272983273491263,6.210788706084713e-05,0.000388896994991228,0.024354230612516403,3.6185001661692695e-09,0.974637508392334,5.2005027839641116e-08,6.353119533741847e-05,Saxophone
f8d96888.wav,Saxophone,0.006395537871867418,0.00044545542914420366,0.0108597781509161,0.004963400308042765,0.000263688329141587,0.0169339869171381,9.904039188768365e-07,0.9440833926200867,0.009274894371628761,0.006778880953788757,Saxophone
d94c94f0.wav,Saxophone,0.0008205141639336944,6.607609975617379e-05,0.014712993986904621,0.01109006255865097,0.002833642764016986,0.0012399397091940045,1.9483720734569943e-06,0.9654744863510132,0.0020749042741954327,0.0016854448476806283,Saxophone
ec6afeb6.wav,Saxophone,1.7537446183268912e-05,5.263722235859802e-10,4.919367711408995e-05,5.199462520977249e-06,1.2733442417811602e-05,0.0030527461785823107,8.10643566162561e-12,0.9968580603599548,2.4154789279862143e-09,4.547325715975603e-06,Saxophone
5f0dc8e4.wav,Saxophone,1.8036811525234953e-05,5.347545739553539e-10,9.27676519495435e-05,0.0010697066318243742,2.7403782496548956e-06,1.0168318112846464e-05,4.254534502479146e-09,0.998805046081543,1.4637600997957634e-06,1.6864852625531057e-08,Saxophone
b8c0a88a.wav,Saxophone,7.544495019828901e-07,2.184245562197873e-10,0.01114104874432087,5.233568117546383e-06,7.392951602014364e-07,0.00996421743184328,4.995527255746701e-11,0.9788759350776672,6.478006184806873e-07,1.1295785043330397e-05,Saxophone
96dad435.wav,Saxophone,0.014181927777826786,8.787485967332032e-06,0.006400877144187689,0.010003329254686832,0.0019096055766567588,0.010228085331618786,1.4855734420393674e-09,0.957169771194458,8.423468898399733e-06,8.910914039006457e-05,Saxophone
b120dc90.wav,Saxophone,1.7220792869920842e-05,1.835806506278459e-05,0.00012134639837313443,0.00022633305343333632,0.0016884638462215662,0.0004496895126067102,1.1967729918183068e-08,0.9973881840705872,2.030395990004763e-06,8.837335190037265e-05,Saxophone
c1948f24.wav,Saxophone,0.0014405371621251106,1.9903733061710227e-07,0.00017301303159911186,0.005659655202180147,0.002106719184666872,0.01717275194823742,1.2594268076343562e-12,0.9734407663345337,1.1950087187156955e-12,6.45943327981513e-06,Saxophone
ac097834.wav,Saxophone,0.00012489728396758437,0.002215344225987792,0.010553263127803802,0.0013513313606381416,0.0036789157893508673,0.0480332151055336,2.6813529530045344e-06,0.9336680769920349,0.0001777606812538579,0.00019445738871581852,Saxophone
4345851e.wav,Saxophone,0.0026522085536271334,1.9811821402981877e-05,0.020558873191475868,0.0011810780270025134,0.00013938386109657586,0.0111244423314929,2.228237917734077e-06,0.9641032814979553,5.003399201086722e-05,0.0001688915945123881,Saxophone
5d4f8187.wav,Saxophone,0.00016711989883333445,6.158303676784271e-06,0.019164927303791046,5.4006999562261626e-05,8.045348658924922e-05,1.03237725852523e-05,5.7034070799488745e-09,0.9804540872573853,2.338001831958536e-05,3.9590817323187366e-05,Saxophone
b83049f4.wav,Saxophone,0.000433525798143819,0.00019084569066762924,0.00037474639248102903,0.0003129658871330321,0.007070366758853197,0.000427690043579787,3.29013594146943e-10,0.9909622669219971,6.987032065808307e-06,0.00022058231115806848,Saxophone
c1c3c8b9.wav,Saxophone,0.00016845593927428126,2.5833712697931333e-06,0.0009044677135534585,6.922371994733112e-06,0.0007245360175147653,0.000530051882378757,2.142732692667071e-11,0.9974097609519958,1.0413843121170885e-09,0.00025344977620989084,Saxophone
78a86075.wav,Saxophone,0.00389859895221889,1.114146834879648e-05,0.017318570986390114,8.82758031366393e-05,0.017943935468792915,2.104337363562081e-05,1.988398778962619e-09,0.9606336355209351,1.824296532504377e-06,8.279696339741349e-05,Saxophone
f0d315bc.wav,Saxophone,0.000301812426187098,4.732361169601518e-09,0.00017451068561058491,0.00020866311388090253,1.0618143278406933e-05,0.0008679933380335569,9.982432658262042e-09,0.9981586337089539,9.902266810968285e-07,0.000276838312856853,Saxophone
9c0838c1.wav,Saxophone,0.0011528886388987303,7.464194368367316e-06,0.023881401866674423,3.153092393404222e-06,0.00011187035124748945,0.00022335391258820891,1.251760522791301e-06,0.9627766013145447,0.006276319269090891,0.005565511994063854,Saxophone
d6144e01.wav,Violin_or_fiddle,1.4915979909546628e-11,3.987333466876075e-12,1.2102537860769758e-09,7.793694862812117e-07,5.165464410372689e-12,5.315710024933473e-11,5.524640640797163e-12,5.34523203477022e-10,5.375970393677043e-14,0.9999992251396179,Violin_or_fiddle
cfb9c5fd.wav,Violin_or_fiddle,0.007841881364583969,0.003983223345130682,0.043141741305589676,0.016442690044641495,8.188593346858397e-05,0.01212243176996708,0.00017188598576467484,0.0010733114322647452,4.032603101222776e-06,0.9151369333267212,Violin_or_fiddle
c6865306.wav,Violin_or_fiddle,0.04384734481573105,9.378335334986332e-07,0.03956933319568634,0.005406999960541725,3.4010023227892816e-05,0.005001609679311514,6.806537385273259e-06,0.00695768091827631,0.0006763598648831248,0.8984987735748291,Violin_or_fiddle
642aba58.wav,Violin_or_fiddle,0.0393662229180336,3.729631430360314e-07,0.003586490172892809,2.895369789257529e-06,5.057424004917266e-06,0.00128181220497936,4.631903305352125e-09,6.044911629032867e-07,2.3195866560854483e-08,0.9557564854621887,Violin_or_fiddle
848faca3.wav,Violin_or_fiddle,0.00015906048065517098,3.041226591449231e-05,0.002483665244653821,0.00010754975664895028,9.118994057644159e-06,5.7823297538561746e-05,2.526322077756049e-06,1.2614440493052825e-05,2.9867695161556185e-07,0.9971368312835693,Violin_or_fiddle
7eb9dac0.wav,Violin_or_fiddle,0.0007487296243198216,0.0005172234959900379,0.014861442148685455,0.001290364540182054,0.0006119969766587019,0.001262933248654008,0.0015668976120650768,0.001694011501967907,0.006073836702853441,0.9713727235794067,Violin_or_fiddle
8d7d7dba.wav,Violin_or_fiddle,0.0019070158014073968,3.508666486595757e-05,0.04291210696101189,0.0002970684436149895,1.4312390703707933e-05,0.00035864528035745025,2.3998625692911446e-05,0.0008372175507247448,3.385706804692745e-05,0.9535808563232422,Violin_or_fiddle
2424ad60.wav,Violin_or_fiddle,8.313654689118266e-05,0.002758638234809041,0.015012869611382484,0.0003841132565867156,0.00020793989824596792,0.0002421919343760237,3.4442796277289744e-06,0.00040847790660336614,0.00011899285163963214,0.9807803630828857,Violin_or_fiddle
ba648ac1.wav,Violin_or_fiddle,0.00010559120710240677,1.3473010085363057e-06,0.00011568712943699211,0.00016019628674257547,0.0001627906458452344,6.0888567531947047e-05,9.360157491755672e-06,0.0004868705873377621,2.2194783468876267e-06,0.9988950490951538,Violin_or_fiddle
2e4a9850.wav,Violin_or_fiddle,2.1504072719835676e-05,2.8830354992237517e-08,1.4065863069845363e-05,5.846354270033771e-06,2.7124171797510144e-09,4.91397599944321e-07,2.7135371283293352e-08,4.549988830149232e-09,1.0685930612597261e-10,0.9999580383300781,Violin_or_fiddle
2cc8683d.wav,Violin_or_fiddle,9.400066483067349e-05,0.0024252578150480986,0.02863936498761177,0.0008261340553872287,2.3925962523208e-05,8.531045750714839e-05,1.5161185729084536e-05,0.00032257777638733387,1.4306249340734212e-06,0.967566728591919,Violin_or_fiddle
7b6a119e.wav,Violin_or_fiddle,0.0021200014743953943,4.693886168638528e-08,0.0002831069868989289,0.007875526323914528,1.770462603190026e-07,4.65085067844484e-05,0.00781214376911521,4.416150659380946e-06,4.4508190910619305e-08,0.9818581342697144,Violin_or_fiddle
68589f79.wav,Violin_or_fiddle,0.00022391710081137717,0.0214279443025589,0.027797186747193336,0.00033588282531127334,0.0002936246164608747,7.883673970354721e-05,0.0002659090096130967,0.0007563499384559691,1.3885841326555237e-05,0.9488065242767334,Violin_or_fiddle
fec00143.wav,Violin_or_fiddle,1.8950195226352662e-06,7.874654528450264e-08,3.5258979096397525e-06,8.868498844094574e-05,7.5846733125217725e-06,2.1127043510205112e-05,4.3022303941597784e-08,5.076666411696351e-07,8.284511097966796e-12,0.9998764991760254,Violin_or_fiddle
1b24c166.wav,Violin_or_fiddle,0.0049825794994831085,0.007610400673002005,0.10560410469770432,0.001762325526215136,0.0002225618954980746,0.0017278357408940792,0.0009085327037610114,0.0013676276430487633,5.940624305367237e-06,0.8758081197738647,Violin_or_fiddle
6eb59008.wav,Violin_or_fiddle,5.065163009021489e-07,1.1382345377342062e-07,0.0005548556800931692,1.8471133444109e-05,5.997675134317149e-10,1.0185095788983745e-06,1.2897363603769918e-06,2.865565285059546e-10,2.8484683411988954e-07,0.9994235038757324,Violin_or_fiddle
0e7cd4eb.wav,Violin_or_fiddle,0.016289053484797478,0.0013507187832146883,0.025978760793805122,0.0002048152091447264,0.013328323140740395,1.4953877325751819e-05,1.5925263141980395e-05,0.016506534069776535,0.00014406998525373638,0.9261670708656311,Violin_or_fiddle
56e79c6f.wav,Violin_or_fiddle,0.00011431635357439518,1.088586577679962e-05,0.01193870510905981,0.001716351369395852,1.750984665704891e-06,0.009318810887634754,0.012375373393297195,6.0740974731743336e-05,9.079728329197678e-07,0.9644621014595032,Violin_or_fiddle
cdc5fe8e.wav,Violin_or_fiddle,0.04255763068795204,4.948085319256279e-08,0.00016759810387156904,0.0020749776158481836,6.797637865929573e-07,0.06053343415260315,2.5679147697132976e-08,5.006845071875432e-07,4.978923384690859e-10,0.8946651220321655,Violin_or_fiddle
b38409bb.wav,Violin_or_fiddle,2.283518041323873e-09,2.745148997007618e-09,8.017444088181946e-06,8.980571806205262e-07,1.3887206272086838e-12,4.78460204789144e-09,1.8425204473260237e-08,3.5494200894409245e-12,1.0696785679442655e-09,0.9999910593032837,Violin_or_fiddle
c8c117dc.wav,Violin_or_fiddle,0.0001505314721725881,0.00026498385705053806,0.025563806295394897,1.4735929653397761e-05,3.4713906643446535e-05,3.1200243029161356e-06,0.0009465840994380414,8.079607505351305e-05,4.118364813621156e-05,0.9728996753692627,Violin_or_fiddle
b73c3595.wav,Violin_or_fiddle,8.990411515696906e-06,8.58125392966258e-09,0.00038341691833920777,3.657286384850522e-08,7.098129028992872e-11,3.9465514419134706e-05,7.332046775276879e-11,1.3526896269766553e-10,1.1798365019341506e-12,0.9995681047439575,Violin_or_fiddle
d84c8c43.wav,Violin_or_fiddle,0.0002718250616453588,0.007725181523710489,0.04264409840106964,0.004561407025903463,0.0007122422102838755,0.0003515584103297442,0.0007666824385523796,0.017754005268216133,7.3641922426759265e-06,0.9252055287361145,Violin_or_fiddle
d914225a.wav,Violin_or_fiddle,0.0029263892211019993,6.4197024585155305e-06,0.018166186287999153,0.0001927816483657807,0.010760120116174221,2.3348866307060234e-06,6.849164346789394e-09,0.024417506530880928,8.555230412987669e-10,0.9435282945632935,Violin_or_fiddle
1148986e.wav,Violin_or_fiddle,0.18621926009655,2.4525456865376327e-07,0.002614137716591358,3.8232283117167754e-08,7.3217761382693425e-06,1.1125222272312385e-06,7.668980450681318e-10,2.4932622181950137e-05,1.6381605405513255e-07,0.8111327886581421,Violin_or_fiddle
e3f479f3.wav,Violin_or_fiddle,0.014421063475310802,0.00012887857155874372,0.0036300865467637777,0.004005549009889364,7.312886737054214e-05,0.0005217954749241471,7.146322786866222e-06,5.518177567864768e-05,2.414579682863405e-07,0.9771570563316345,Violin_or_fiddle
aab28420.wav,Violin_or_fiddle,0.000158595314132981,0.022085251286625862,0.012292779050767422,0.000952318194322288,0.00035010400461032987,0.004412238020449877,0.0002451336767990142,0.016933327540755272,2.3305115064431448e-06,0.9425680637359619,Violin_or_fiddle
21346775.wav,Violin_or_fiddle,0.0007902735378593206,3.3950767829082906e-05,0.015296237543225288,0.00020575827511493117,0.0004022069042548537,0.0032595028169453144,1.899877497635316e-05,0.0004346283676568419,0.00015111491666175425,0.9794073700904846,Violin_or_fiddle
cdeece57.wav,Violin_or_fiddle,0.00012539027375169098,0.00024427741300314665,0.022315803915262222,2.7997126380796544e-05,3.525872671161778e-05,4.035861275042407e-05,2.011666765611153e-06,0.00011507936869747937,5.602663577519706e-07,0.9770932793617249,Violin_or_fiddle
c9fb642d.wav,Violin_or_fiddle,0.009613594971597195,6.279901754169259e-06,0.01915186271071434,0.00011522769636940211,8.434325536654796e-06,1.5254959180310834e-05,1.993129217225942e-06,0.000350446644006297,1.7650196241447702e-05,0.9707192778587341,Violin_or_fiddle
078f7ac0.wav,Hi-hat,1.5706345948274247e-05,6.5276579697126635e-09,1.4174500392982736e-05,1.1216032362426631e-05,2.337035232002904e-09,0.0020240528974682093,0.9979206323623657,1.720260323079259e-10,8.267667800376799e-11,1.418485408066772e-05,Hi-hat
e897db78.wav,Hi-hat,1.2063989807131748e-09,4.0931692063539415e-11,2.0932468032697216e-05,8.660928640935595e-10,6.373930246453274e-13,1.1187194814965551e-07,0.9999788999557495,1.6158691138606907e-12,8.081111300961563e-12,1.465027423819265e-07,Hi-hat
b31ed1fb.wav,Hi-hat,3.018575944757629e-10,2.3371022450646706e-08,0.00018583892961032689,2.2974401048259097e-08,6.5061879495065256e-12,0.0005470566102303565,0.9744052290916443,5.227412458452818e-08,0.02450861595571041,0.0003533231501933187,Hi-hat
06c48eab.wav,Hi-hat,4.891174285148736e-06,2.698832934910911e-09,7.809827366145328e-05,6.137388845672831e-05,2.0292391378351482e-10,1.3241156011645216e-06,0.999727189540863,2.6347816373117894e-08,1.8563419246220292e-08,0.0001271611254196614,Hi-hat
2503aaa1.wav,Hi-hat,9.765870057076853e-11,7.095721926697607e-11,1.1844336711419601e-07,3.8974314975348534e-07,3.146573834822419e-10,1.539681193207798e-06,0.9999786019325256,3.4717045210852504e-11,2.156804682768021e-12,1.9405728380661458e-05,Hi-hat
3d3439f1.wav,Hi-hat,4.810366505125785e-08,3.206531928867662e-09,2.850571218004916e-05,2.1304785491338407e-07,7.658915862629456e-11,2.093076574283259e-07,0.999970555305481,6.30403618195885e-10,4.2017649803938184e-08,4.602817114118807e-07,Hi-hat
34a90030.wav,Hi-hat,1.0100946745694728e-08,8.77833292167729e-11,2.710741455302923e-06,9.178992513625417e-06,6.561862608833735e-09,2.0531821064651012e-05,0.9999653697013855,1.7784907227480495e-11,1.1683025423828153e-12,2.115577899530763e-06,Hi-hat
da4b0379.wav,Hi-hat,7.459433244705327e-12,3.8993100740479514e-14,1.5590698732026453e-09,3.1385452570198424e-10,4.9045365885973594e-14,2.1703077113244262e-09,1.0,3.750998643636816e-12,6.13578243768842e-10,3.519605162871642e-10,Hi-hat
a090c45a.wav,Hi-hat,4.478461335111206e-08,7.042375016474978e-10,2.070335312964744e-06,0.0002498112735338509,2.6152335408369254e-08,0.00021675822790712118,0.998124897480011,1.0435017429699656e-05,4.7893900045892224e-05,0.001348048448562622,Hi-hat
41897c32.wav,Hi-hat,4.383659415907459e-06,1.7949039829545654e-05,3.705244580487488e-06,0.04697449505329132,0.0001373616833006963,0.00041179850813932717,0.9523816108703613,6.669942195003387e-06,5.048434559284942e-06,5.6989934819284827e-05,Hi-hat
2032be87.wav,Hi-hat,4.570076816978741e-10,4.834183183963225e-13,1.7955005260361645e-09,9.924825690177386e-07,3.109177845739275e-11,1.4283971268014284e-06,0.9999935030937195,2.515153016413585e-11,3.6582997915701743e-13,4.063379947183421e-06,Hi-hat
73677128.wav,Hi-hat,4.527157728556608e-12,3.623423718186747e-13,2.756210260024261e-10,6.166001931262599e-09,1.1648247470741335e-11,2.6592845259187925e-08,0.999998927116394,6.697083165807527e-11,4.8066871663476896e-12,1.0077246770379134e-06,Hi-hat
c53a217e.wav,Hi-hat,6.496501470457106e-13,8.821229337263592e-13,9.365984432463392e-09,1.3486531713624572e-07,2.120540201766552e-11,1.2267882709693367e-07,0.9999992847442627,2.3159148210272207e-11,4.0846809983875743e-13,4.5022574113318115e-07,Hi-hat
f0dfe343.wav,Hi-hat,2.7291624959957517e-08,4.156239086228197e-08,3.4769725516525796e-06,7.24546771380119e-05,1.6987628725928516e-07,0.025119757279753685,0.9747694134712219,5.077244168205652e-06,9.858476914814673e-07,2.863496047211811e-05,Hi-hat
0ed06544.wav,Hi-hat,7.993198117284273e-12,1.661992765633613e-11,6.884189662770268e-09,1.2293591922230007e-08,9.030760167449969e-11,1.171266035271401e-06,0.9999988079071045,2.19827697711672e-10,1.3212530895756469e-11,5.240188016841785e-08,Hi-hat
99c96a07.wav,Hi-hat,1.9532775752395537e-07,0.0011972900247201324,0.005646705627441406,0.0003487846115604043,3.167112652135984e-07,0.04985875263810158,0.9396581649780273,2.549138677920837e-09,0.0032896390184760094,1.8615173758007586e-07,Hi-hat
3a3d0279.wav,Hi-hat,1.1057659232704964e-09,4.0467305062463765e-09,1.2655787031690124e-05,3.389965996802857e-08,3.902909384567721e-10,1.2322534104214355e-08,0.9999873042106628,1.5552349685865607e-10,4.582984658441092e-09,1.4729929498358274e-09,Hi-hat
612702c3.wav,Hi-hat,5.401317587638843e-11,1.8076440951725337e-12,1.529117241716449e-07,6.98043140801019e-06,4.143120915789389e-11,7.988250581547618e-05,0.999911367893219,2.580206881486191e-10,1.411077366064717e-10,1.6393554460591986e-06,Hi-hat
d6854eb4.wav,Hi-hat,0.003216909011825919,0.016327250748872757,0.01653001271188259,0.0012531204847618937,4.726678889710456e-05,0.0079141054302454,0.9236137866973877,0.005027455743402243,0.0001761410676408559,0.02589397132396698,Hi-hat
52300f9b.wav,Hi-hat,2.4723756706203706e-14,6.486434653285578e-14,1.2578732722090535e-08,2.2314687875280015e-09,2.9575995532461806e-15,8.179353194748273e-09,0.9999493956565857,1.4378286972496768e-12,1.4862487976441408e-11,5.051089829066768e-05,Hi-hat
09a1cfd7.wav,Hi-hat,5.5171054356983884e-12,1.565153909255379e-11,7.057444690872217e-07,7.713845843682066e-05,1.5975308575999492e-10,1.9718713417660183e-07,0.9995959401130676,2.010673294527976e-10,6.410311864657459e-11,0.0003259794320911169,Hi-hat
3aafb6ad.wav,Hi-hat,1.1208967976017448e-08,3.866643183414453e-08,4.090942820766941e-05,0.00027447642059996724,2.119998931959799e-08,0.00032001585350371897,0.9992600679397583,1.1023506658602855e-06,1.2471676200220827e-05,9.091603715205565e-05,Hi-hat
493c247b.wav,Hi-hat,3.256468161794146e-08,1.2151456507680791e-09,1.2382349268591497e-05,8.560191986362042e-07,4.12758334455976e-11,5.732429781346582e-05,0.9999291300773621,8.849516258679913e-11,3.66768782011917e-10,3.0921012239559786e-07,Hi-hat
5ec7ad26.wav,Hi-hat,6.228407234409872e-10,4.655087764149357e-07,2.0055506411154056e-06,8.103413051685493e-08,5.792831492268391e-11,2.5381154046044685e-05,0.9999296069145203,1.2959833206593885e-10,2.1952206225250848e-05,2.052718264167197e-05,Hi-hat
a1b369d7.wav,Hi-hat,1.6816372863104334e-06,0.0005028146551921964,0.00010985066182911396,0.04020983725786209,0.00024603711790405214,0.001210349379107356,0.9558632969856262,4.5986325858393684e-05,0.0013524072710424662,0.0004577994695864618,Hi-hat
8cd809d3.wav,Hi-hat,1.7048469302949343e-09,1.9439346132799074e-08,1.7687092622509226e-05,1.800942118279636e-05,2.424484744911748e-11,3.1534762001683703e-07,0.999962329864502,6.518037309888314e-08,8.524084478267469e-07,7.448973065038444e-07,Hi-hat
aed9d22f.wav,Hi-hat,2.542457997606329e-12,1.323134379838109e-10,4.682790404331172e-07,9.939148171156376e-09,3.7767084923832905e-13,6.122837658040226e-05,0.9999383687973022,3.0493413783611034e-12,1.0450221937796655e-10,3.5501712680741093e-09,Hi-hat
a7964699.wav,Hi-hat,3.5957220274190904e-12,1.7295194443267548e-10,1.4630887790190172e-06,6.900062032855203e-08,5.204716432144485e-12,4.995932158635696e-06,0.9999810457229614,9.167871212412138e-06,3.143265530525241e-06,2.2222467066512763e-07,Hi-hat
da3f8050.wav,Hi-hat,7.380271654255921e-06,4.89532908432011e-07,6.729242886649445e-05,4.6473323891405016e-05,3.304651841062878e-07,0.032152291387319565,0.9673880934715271,1.3686585020877828e-07,8.090841774333057e-09,0.0003374618827365339,Hi-hat
468f9c4c.wav,Hi-hat,0.00017968520114663988,0.0005884930724278092,0.001058172550983727,0.00010056278551928699,0.00024114007828757167,0.0004226806340739131,0.9930803179740906,5.99272016188479e-06,6.594448495889083e-05,0.004257055465131998,Hi-hat
229be2be.wav,Snare_drum,4.464719495445024e-06,1.1212669051019475e-05,6.527666755573591e-06,3.700098432091181e-07,8.999387546282378e-07,2.3904332735469325e-08,3.9423611042366247e-07,1.2292579176786944e-09,0.9999761581420898,2.803577459076223e-08,Snare_drum
b6cbc6a9.wav,Snare_drum,1.8333432549866302e-09,8.756184399771882e-08,7.042241634280799e-08,8.70088885922965e-13,8.904734588588425e-12,1.9396297901153048e-09,7.022089576480539e-10,2.4048898428219445e-09,0.9999998807907104,4.511762963232968e-09,Snare_drum
ae7d1c37.wav,Snare_drum,0.00824645720422268,0.003312805900350213,0.006181081756949425,3.314105197205208e-05,0.00031828045030124485,4.940006328979507e-05,5.76474462832266e-07,0.0061858538538217545,0.9743563532829285,0.001316018751822412,Snare_drum
82d4fb44.wav,Snare_drum,0.000689762004185468,0.0014581455616280437,0.003454072866588831,1.4826607639406575e-06,1.0199261851084884e-05,3.2823281799210235e-05,2.006581070190805e-07,2.2583311874768697e-05,0.9939847588539124,0.00034607775160111487,Snare_drum
4c590f69.wav,Snare_drum,4.673748844652437e-05,8.78642313182354e-05,5.142171175975818e-06,5.476761657519091e-07,0.0002318597980774939,2.197805770265404e-05,5.46357767916561e-08,4.95952190249227e-06,0.9995915293693542,9.292055437981617e-06,Snare_drum
1c9a423f.wav,Snare_drum,1.0211029803031124e-05,8.167999965280615e-08,0.19719061255455017,0.05139672011137009,6.97361338097835e-06,0.0015071022789925337,6.618344286835054e-06,0.000537541345693171,0.7493163347244263,2.7813890483230352e-05,Snare_drum
f0727eac.wav,Snare_drum,4.4381862768227975e-11,7.525431442445552e-07,3.2768500659585698e-06,5.331078287151847e-11,1.770176887017083e-11,2.10971802516724e-06,4.0844705040399276e-07,0.0001292805391130969,0.9998641014099121,3.346698612682886e-11,Snare_drum
31db8c5e.wav,Snare_drum,0.00010444026702316478,1.8026701582130045e-05,0.0032992216292768717,8.335343409271445e-06,0.00025835991255007684,1.3580181246197753e-07,1.2615639377600019e-07,4.04143634114007e-07,0.9961819648742676,0.00012899114517495036,Snare_drum
b86b5a96.wav,Snare_drum,5.413023700384656e-06,0.00011450902093201876,8.372037996196013e-08,1.1732470994729738e-07,6.158567884995136e-06,2.0759037511197675e-07,5.5616634199395776e-05,7.370494131464511e-06,0.9997692704200745,4.120273661101237e-05,Snare_drum
6fca680b.wav,Snare_drum,4.817214357899502e-05,3.6332221498014405e-05,9.096234134631231e-05,0.00010467212268849835,1.5677236660849303e-05,3.8451085856650025e-05,2.3870577933848836e-05,5.83798691877746e-06,0.9996100068092346,2.5881185138132423e-05,Snare_drum
1bc8eae1.wav,Snare_drum,6.840548303443938e-05,3.7742661334050354e-06,1.2350497854640707e-05,6.254881945721991e-09,2.196452896896517e-06,1.5030007460836714e-08,6.544237152183996e-09,1.3084923011774663e-06,0.9999116063117981,3.573157698610885e-07,Snare_drum
46b52f97.wav,Snare_drum,1.0651077900547534e-05,3.925005876226351e-05,2.6607538075040793e-06,0.00010148209548788145,0.00022607846767641604,0.00022742470900993794,9.712390891536415e-08,0.0006394048104993999,0.9987524747848511,4.5422240191328456e-07,Snare_drum
0c67f402.wav,Snare_drum,0.005461325403302908,5.828309440403245e-06,0.00016930821584537625,3.4790809877449647e-07,0.000841553439386189,9.404424417880364e-06,9.901850006599489e-09,0.01147445384413004,0.9816163182258606,0.0004214662767481059,Snare_drum
c8ecbbfd.wav,Snare_drum,6.831125460848853e-07,8.542410228074004e-07,6.755463033414344e-08,6.781445183179358e-09,0.0008135011303238571,5.220412731432589e-06,1.5716816292865587e-08,7.261301561811706e-06,0.9991647601127625,7.667679710721131e-06,Snare_drum
9f84ea5a.wav,Snare_drum,0.20745573937892914,2.2716694729751907e-06,0.11134263128042221,0.005703653674572706,0.09104080498218536,0.006419093813747168,1.578205956320744e-05,1.3366018720262218e-05,0.5487209558486938,0.029285721480846405,Snare_drum
e4958adc.wav,Snare_drum,7.751841621939093e-05,0.00025574566097930074,0.025941316038370132,0.00026751498808152974,3.294231419204152e-06,3.099258719885256e-06,2.080796424053233e-09,3.535399457632593e-07,0.9734506607055664,5.845653845426568e-07,Snare_drum
5ce40b1b.wav,Snare_drum,1.5200604138954077e-05,5.366872528611566e-07,2.136605871783104e-06,4.519843969319481e-06,2.3394775325868977e-06,5.368532356442302e-07,1.3265562870401482e-07,1.7100206605391577e-05,0.9999322891235352,2.5199637093464844e-05,Snare_drum
9d308738.wav,Snare_drum,6.223957370821154e-06,4.727339728560764e-06,0.0005990214995108545,2.462291206484224e-07,6.804815484429128e-07,0.0030405849684029818,1.3057463547738735e-05,0.00021334337361622602,0.9960812926292419,4.0863596950657666e-05,Snare_drum
1e3391d5.wav,Snare_drum,0.016647402197122574,5.767662514699623e-05,0.0004175053327344358,0.0020748369861394167,0.003935506101697683,3.0263849112088792e-05,0.00011613556853262708,0.00048032059567049146,0.9735596776008606,0.0026807168032974005,Snare_drum
ff3f21e7.wav,Snare_drum,0.0013668156461790204,1.9968174456153065e-05,3.16283039865084e-05,1.0541617001535997e-07,5.971120572212385e-06,2.26192042873663e-07,1.9214405710954452e-07,4.613923738361336e-05,0.9984642863273621,6.491034582722932e-05,Snare_drum
b68f10af.wav,Snare_drum,0.00021369950263760984,0.0011626469204202294,0.002650490263476968,0.00044702767627313733,0.00046509428648278117,0.009935574606060982,0.0008085235022008419,0.00266869249753654,0.9805102348327637,0.0011382020311430097,Snare_drum
e8e00924.wav,Snare_drum,0.0006397532997652888,0.00023166948813013732,1.0832627594936639e-05,1.6475554787120927e-07,0.02323254570364952,3.397257023607381e-05,2.2840625391040703e-08,1.9735339265025686e-06,0.975848913192749,1.1130550348070756e-07,Snare_drum
22e1c02c.wav,Snare_drum,1.856412040979194e-06,0.00019942811923101544,6.543861672980711e-05,7.156499123084359e-06,8.281155169242993e-05,4.828972123505082e-06,3.3103071928053396e-07,0.00020091694022994488,0.9994218349456787,1.535116825834848e-05,Snare_drum
5c33d972.wav,Snare_drum,0.04907035082578659,0.0014000087976455688,0.027386602014303207,0.001119986642152071,0.0004151346511207521,0.00019749878265429288,2.0828822471230524e-06,1.447846989321988e-05,0.8430487513542175,0.07734506577253342,Snare_drum
9320c55f.wav,Snare_drum,0.018301060423254967,0.004725186619907618,0.057910338044166565,1.1915158211195376e-06,0.00047677173279225826,0.0002309500559931621,0.007127443794161081,0.06090037152171135,0.8073524236679077,0.042974263429641724,Snare_drum
f1754aea.wav,Snare_drum,0.00030320193036459386,0.00045973260421305895,4.83871262986213e-05,4.793183052242966e-06,8.109814189083409e-06,0.00010369461961090565,9.647812930779764e-07,1.033474859468697e-06,0.9990696907043457,5.172572059564118e-07,Snare_drum
b218444c.wav,Snare_drum,0.04597635939717293,0.05936851724982262,0.006843096110969782,2.919802864198573e-05,0.022807911038398743,0.00012991551193408668,5.127257736603497e-06,0.00012952678662259132,0.8604663610458374,0.004243995528668165,Snare_drum
36d06cc0.wav,Snare_drum,1.4869307051412761e-05,0.0007869623368605971,4.886472652287921e-06,1.7209696068221092e-07,7.451014880643925e-07,1.3670502596596634e-07,7.636700871671565e-08,3.2800176995806396e-05,0.9991033673286438,5.599074575002305e-05,Snare_drum
4c4d4797.wav,Snare_drum,6.717024371027946e-05,1.767694016052701e-06,4.0591157812741585e-07,9.24329197005136e-06,0.00021677369659300894,0.0015391564229503274,6.592271529370919e-05,2.3684828192926943e-05,0.9930287003517151,0.0050471192225813866,Snare_drum
cae0d841.wav,Snare_drum,1.0316468888049712e-06,4.8865898861549795e-05,0.00010876157466555014,1.4523317986459006e-05,3.8249101663723195e-08,6.7847790887753945e-06,6.26645669399295e-06,1.0554136906648637e-06,0.9888577461242676,0.010954859666526318,Snare_drum
17f82c05.wav,Acoustic_guitar,0.8793931603431702,0.009862728416919708,0.06444018334150314,6.370980554493144e-05,0.03117700293660164,3.3793920010793954e-05,8.994376003101934e-06,7.352735337917693e-06,0.0019589271396398544,0.013054250739514828,Acoustic_guitar
0eeaebcb.wav,Acoustic_guitar,0.9728690385818481,4.280945631762734e-06,0.004363412037491798,0.0047268192283809185,0.00028328195912763476,0.015920273959636688,1.5883167003849508e-09,3.251352609368041e-05,4.0530153455620166e-07,0.0017999674892053008,Acoustic_guitar
e92bf0fa.wav,Acoustic_guitar,0.9987654089927673,4.2751173623400973e-07,0.001052043866366148,1.3114432704242063e-06,5.2103467169217765e-05,0.00012707231508102268,1.4507147219622318e-11,3.9617412994630286e-07,4.938749853522495e-09,1.4112051758274902e-06,Acoustic_guitar
10da16fb.wav,Acoustic_guitar,0.997440755367279,9.009775703283651e-10,0.0025568644050508738,1.0282071372103019e-07,3.813007865005602e-08,9.063172257128826e-08,8.143373907869896e-15,7.341628194268424e-09,9.326801483910963e-12,2.1261510028125485e-06,Acoustic_guitar
a25423a8.wav,Acoustic_guitar,0.9689210057258606,2.0649790712923277e-06,0.00012004973541479558,0.00022868030646350235,0.025498410686850548,1.0762532838271e-05,1.4970915174217225e-08,0.0016584976110607386,0.003552574897184968,8.171242370735854e-06,Acoustic_guitar
16c9a838.wav,Acoustic_guitar,0.9994574785232544,1.910570812668766e-09,0.0004795439599547535,6.817959729232825e-06,4.2924622078999164e-08,6.213586090098033e-09,6.734555146316009e-16,5.4234571694733447e-11,5.8238233097249355e-15,5.6192162446677685e-05,Acoustic_guitar
70ca9c77.wav,Acoustic_guitar,0.9480528831481934,1.368981884297682e-05,0.002814563689753413,0.01598467491567135,0.03292666748166084,9.809211042011157e-05,2.9106876908713275e-09,5.820773003506474e-05,9.518813470776877e-08,5.119054185342975e-05,Acoustic_guitar
38216fad.wav,Acoustic_guitar,0.9692118167877197,0.0008142044534906745,0.027542060241103172,3.6507863114820793e-06,0.0008085913141258061,9.652059088693932e-05,3.293559203143559e-08,0.001083488343283534,5.978235640213825e-05,0.00037977457395754755,Acoustic_guitar
d8a257e5.wav,Acoustic_guitar,0.98188716173172,0.001740629319101572,0.015368087217211723,3.761266634683125e-05,0.0005921919364482164,1.78780646820087e-05,1.6034131533615437e-07,4.579850792651996e-05,0.00025268958415836096,5.790873183286749e-05,Acoustic_guitar
7506dcc4.wav,Acoustic_guitar,0.999211847782135,2.454839886922855e-08,5.996756044623908e-06,4.185079160379246e-05,0.0007400530157610774,2.807952270700298e-08,9.681794211832684e-13,1.8557577163846872e-07,7.752581687725524e-09,3.217430943891486e-08,Acoustic_guitar
a6728901.wav,Acoustic_guitar,0.9999812841415405,1.3452279568060277e-10,1.5592999602631608e-07,3.653957207916392e-07,3.3120038267497875e-08,1.6752726878621615e-05,4.4435296913357403e-13,7.787263456293658e-08,7.643071568233539e-16,1.3333741435417323e-06,Acoustic_guitar
b88322f6.wav,Acoustic_guitar,0.9993495345115662,1.2128210435946585e-08,0.00016936408064793795,9.250334942478844e-10,1.9201425516257586e-07,4.425198767421534e-06,1.1008162437153857e-10,0.000469640624942258,5.311525228535174e-07,6.315805421763798e-06,Acoustic_guitar
35039ae1.wav,Acoustic_guitar,0.9996054172515869,3.4951003158312233e-07,0.00035823395592160523,9.479548452873132e-07,1.553633228468243e-05,1.7441856471123174e-05,3.5694130984254e-10,2.2146540601397646e-08,1.6167325256333243e-08,2.182492380597978e-06,Acoustic_guitar
236cbab1.wav,Acoustic_guitar,0.9578084349632263,3.5247991036158055e-05,0.0010124273831024766,0.010202671401202679,0.03037143498659134,3.897791975759901e-05,1.1472230880826828e-06,0.0001488816924393177,0.000354346091626212,2.638090336404275e-05,Acoustic_guitar
0356dec7.wav,Acoustic_guitar,0.9467375874519348,0.00010028548422269523,0.040241457521915436,0.00011727761011570692,0.00015390830230899155,5.180895186640555e-06,1.2018442703265464e-06,0.01122086402028799,0.0011143838055431843,0.00030783217516727746,Acoustic_guitar
bb1f5874.wav,Acoustic_guitar,0.9996741414070129,1.599945971975103e-05,4.414905561134219e-05,8.085048648354132e-07,0.00013828159717377275,0.00012503963080234826,2.987179600899559e-11,1.0594272907837876e-06,2.6392737595415383e-07,3.50162963513867e-07,Acoustic_guitar
34747922.wav,Acoustic_guitar,0.9900450110435486,3.8426805986091495e-06,0.00023243585019372404,4.814023122889921e-05,1.4505064882541774e-06,9.819327715376858e-06,1.9291890112071997e-06,7.742938237242925e-07,6.170938871008502e-09,0.009656587615609169,Acoustic_guitar
44fb3eeb.wav,Acoustic_guitar,0.983653724193573,7.570712767801524e-08,0.015698267146945,1.4239182064557099e-06,7.149423709051916e-06,8.639203770144377e-07,1.189649906363499e-10,3.740803731488995e-05,1.6573888927950975e-08,0.0006011563236825168,Acoustic_guitar
367ad7b1.wav,Acoustic_guitar,0.9801235795021057,5.2174978009134065e-06,0.0019085108069702983,1.0334366606912226e-06,0.0009672350133769214,1.1705872566381004e-05,1.9953338892264583e-07,0.011832068674266338,0.002915952354669571,0.0022345376200973988,Acoustic_guitar
160c92d7.wav,Acoustic_guitar,0.9992493987083435,3.109395407818738e-09,7.642913260497153e-05,1.663999853462883e-07,1.3446511729853228e-05,6.80457333146478e-07,2.0477825164733066e-12,8.539923435080254e-09,8.346433787165264e-12,0.0006598656182177365,Acoustic_guitar
2016d256.wav,Acoustic_guitar,0.9993289709091187,1.548098715886681e-08,6.453500134284695e-08,0.0005981036811135709,3.3329684811178595e-05,5.3023909458715934e-06,1.0939658467296054e-12,3.4089734981535e-05,1.581955544338598e-08,7.013075276063319e-08,Acoustic_guitar
fc55d588.wav,Acoustic_guitar,0.970546543598175,3.088475523327361e-06,0.01642254926264286,8.675563731230795e-05,0.01090983022004366,0.001072108861990273,6.3660631894890685e-06,0.00020864313410129398,2.608758040878456e-05,0.000718199647963047,Acoustic_guitar
c7846d27.wav,Acoustic_guitar,0.9974797964096069,4.26518553808819e-09,0.00022601631644647568,3.004266318384907e-06,2.8364161153149325e-07,0.002173351589590311,3.802186898660409e-10,1.9586079424982472e-09,1.4457969326961417e-12,0.00011754043953260407,Acoustic_guitar
55822aae.wav,Acoustic_guitar,0.9635215997695923,0.00010713525261962786,0.03414782136678696,5.130611316417344e-05,0.0006872309604659677,0.0005471638287417591,7.453107997434927e-08,2.4840949208737584e-06,0.0008835425833240151,5.156048064236529e-05,Acoustic_guitar
9923ddf8.wav,Acoustic_guitar,0.9999995231628418,1.2939415164336943e-12,2.73583182774928e-08,4.1312441112495435e-07,8.112730626175235e-11,1.023148565870713e-09,1.1607420813026527e-15,2.120935154933945e-12,2.7587100762420033e-15,7.929222789471169e-08,Acoustic_guitar
32dee61b.wav,Acoustic_guitar,0.947658360004425,0.030124276876449585,0.017449021339416504,6.99029114912264e-05,0.004162288270890713,9.047628554981202e-05,1.2935696759086568e-05,9.199889609590173e-05,1.7240003558072203e-07,0.00034034671261906624,Acoustic_guitar
fa4d4a92.wav,Acoustic_guitar,0.8795420527458191,0.0013761400477960706,0.0058099329471588135,0.008309193886816502,0.10418618470430374,0.000498017412610352,1.2255576109510002e-07,2.5336150429211557e-05,0.00021605868823826313,3.6894514778396115e-05,Acoustic_guitar
8da75280.wav,Acoustic_guitar,0.8591086268424988,1.1332415851939004e-05,0.00917950738221407,0.00035559028037823737,0.13060520589351654,0.0003557857417035848,1.3367742894843104e-06,0.00022745579190086573,2.172910353692714e-05,0.0001336986751994118,Acoustic_guitar
b2261238.wav,Acoustic_guitar,0.9879849553108215,3.066323552047834e-05,0.0007561544189229608,4.307510153012117e-06,8.142999286064878e-05,0.00012537269503809512,1.4269855910242768e-06,8.321807399624959e-05,0.009523313492536545,0.0014091746415942907,Acoustic_guitar
673defaf.wav,Acoustic_guitar,0.9879884123802185,6.171208951855078e-05,0.011638154275715351,0.0001715418475214392,2.237115722891758e-06,8.830238948576152e-05,2.351089278818108e-08,4.058783815708011e-06,9.058067576006579e-07,4.4684209569823e-05,Acoustic_guitar
e6597186.wav,Double_bass,0.23045486211776733,7.509733404731378e-05,0.01808314584195614,4.274330422049388e-05,0.7512190341949463,8.241087925853208e-05,4.277363530036382e-08,9.50249068409903e-06,6.2274907577375416e-06,2.6960347895510495e-05,Double_bass
fcfafbc8.wav,Double_bass,0.0003773607895709574,3.692824611789547e-05,0.0001493802119512111,8.242264470936789e-08,0.99943608045578,1.119742094601861e-07,2.8353038775304207e-13,8.243758564674408e-09,1.895358536785352e-09,2.5436097672582036e-08,Double_bass
444f9db5.wav,Double_bass,0.03022064082324505,2.3410537323798053e-05,6.144126382423565e-05,0.0018155054422095418,0.9666927456855774,0.001111589721404016,8.01687969481657e-12,2.5748506232048385e-05,2.42704345509992e-06,4.661883940570988e-05,Double_bass
19893aa8.wav,Double_bass,0.0013949294807389379,0.005554885603487492,0.04726927727460861,0.015081440098583698,0.924118161201477,0.0008305175579153001,7.479251280528842e-07,1.928356687130872e-05,4.530123121071483e-08,0.005730566568672657,Double_bass
f042282c.wav,Double_bass,0.018193885684013367,0.030282793566584587,0.050964873284101486,0.000254889513598755,0.8946463465690613,0.0026728007942438126,3.0788680305704474e-05,5.857047290191986e-05,0.0005119112902320921,0.002383079146966338,Double_bass
95e1d0ae.wav,Double_bass,0.008503329940140247,0.0026759107131510973,0.06944164633750916,4.427151725394651e-05,0.9025918245315552,0.00011700001050485298,5.2608893241767873e-08,0.016590822488069534,1.089704437617911e-05,2.4159620807040483e-05,Double_bass
595c191d.wav,Double_bass,0.002803278621286154,0.0013461095513775945,1.7338169300273876e-06,0.0003812759241554886,0.9954110980033875,3.828772605629638e-07,4.632777451593628e-13,5.585218968917616e-05,7.614822550294775e-08,3.009632010275709e-08,Double_bass
8073923c.wav,Double_bass,0.2470923364162445,9.892453090287745e-05,0.01604956015944481,0.0003850664652418345,0.7353075742721558,0.00040674488991498947,3.670259275168064e-06,0.00024065077013801783,8.28817137517035e-05,0.0003326642618048936,Double_bass
6efbaf90.wav,Double_bass,0.0007457734318450093,0.0034804060123860836,0.027513455599546432,0.00027947485796175897,0.9679533243179321,8.318772415805142e-06,2.8380094718727378e-08,1.750632691255305e-05,6.717901790409542e-10,1.6921661654123454e-06,Double_bass
642ad7e4.wav,Double_bass,0.012997597455978394,0.00014071512850932777,0.0022636139765381813,2.287802089995239e-06,0.9844180941581726,6.822133582318202e-05,2.748577407341024e-11,0.00010525780817260966,1.182452024295344e-06,2.9902853384555783e-06,Double_bass
5eadbc6d.wav,Double_bass,0.01585579477250576,0.003832138841971755,0.004540040157735348,0.0007546786800958216,0.9360447525978088,0.00022465466463472694,2.795725961846074e-08,0.0008397482451982796,0.00012069445801898837,0.03778740018606186,Double_bass
1a7d3f2d.wav,Double_bass,0.05630776658654213,0.00019562218221835792,0.1005665734410286,7.088686106726527e-05,0.8423455357551575,1.0659528015821707e-05,1.2055278375555645e-07,0.00017962836136575788,0.0003106727672275156,1.2432713447196875e-05,Double_bass
13da16ae.wav,Double_bass,0.0007618876988999546,0.00826639961451292,7.99897825345397e-05,5.3520339861279353e-05,0.9908380508422852,7.696118586864031e-08,2.908092129193414e-14,6.298357391187892e-09,5.945759509740078e-12,8.869104561881613e-09,Double_bass
103f29e5.wav,Double_bass,0.00040179979987442493,4.538792200037278e-05,2.9545699220534516e-08,1.8800606937929842e-07,0.9995332956314087,8.32136174722109e-06,5.957851399729375e-13,2.8019437650073087e-06,3.816345284235467e-08,8.158951459336095e-06,Double_bass
da8ea649.wav,Double_bass,1.0445454790897202e-05,0.005150541663169861,3.1360665161628276e-05,8.6807707688763e-09,0.9948076605796814,1.7778031269344297e-09,1.6721498434406817e-16,2.955083747147036e-11,1.0101429415154684e-10,3.543782489678904e-10,Double_bass
ca348cbb.wav,Double_bass,0.006514009553939104,1.1651353815977927e-05,0.003065092023462057,1.664571391302161e-05,0.9903914332389832,8.127749424602371e-07,2.072378553485965e-11,4.7178396300751047e-08,6.7151511018437304e-09,3.48547416706424e-07,Double_bass
8ce2e863.wav,Double_bass,6.782229320378974e-06,0.004993010777980089,2.9848939448129386e-05,3.750588462025917e-08,0.9949695467948914,8.105723736662185e-07,3.497101783588079e-16,6.539577768194249e-09,2.584638232605574e-11,2.3476195987193194e-10,Double_bass
462b676f.wav,Double_bass,0.006417926400899887,0.02431521750986576,0.012875753454864025,0.0005446600844152272,0.9519196152687073,9.149703146249522e-06,7.090487770256004e-07,0.0007097353227436543,2.9980326871736906e-05,0.0031772502698004246,Double_bass
b428466c.wav,Double_bass,2.0627214325941168e-05,0.02163480781018734,0.0005723648355342448,1.9120010108508723e-07,0.9777719974517822,1.62961241723103e-10,1.1529300246431213e-18,3.341119395039449e-11,4.2319245330268984e-10,1.2991338005363673e-09,Double_bass
4fd883bb.wav,Double_bass,0.02165801450610161,2.3022548703011125e-05,0.005496500991284847,4.4032085497747175e-06,0.972749650478363,6.224144271982368e-06,5.590125340404484e-08,4.741694647236727e-05,3.537290695021511e-06,1.1215730410185643e-05,Double_bass
2ac8b94f.wav,Double_bass,0.000838104693684727,9.15578129934147e-05,0.011450140736997128,1.2398089893395081e-05,0.9872708916664124,0.00029466921114362776,2.2755476436486788e-07,3.936264693038538e-05,2.3466708398700575e-07,2.418021040284657e-06,Double_bass
c840804f.wav,Double_bass,0.0019161889795213938,0.10079901665449142,0.0011283119674772024,1.130933746651408e-08,0.8961558938026428,2.5991793606294777e-08,7.407948901657843e-14,2.8236541993464925e-07,3.520169400417217e-07,1.7454182099641002e-08,Double_bass
f63f3703.wav,Double_bass,0.0002672987466212362,0.0010730607900768518,0.013003299944102764,3.612622094806284e-05,0.9761003851890564,2.616936035337858e-05,1.0858949650582872e-07,2.262233692817972e-06,7.3837842506918605e-09,0.009491313248872757,Double_bass
c0ddf010.wav,Double_bass,0.002211002865806222,0.052454520016908646,0.023367078974843025,0.0011103808647021651,0.9138954281806946,8.922452252591029e-07,2.6423148824505915e-07,1.6447637563032913e-06,4.5095429612729276e-08,0.006958765909075737,Double_bass
a0cbe92e.wav,Double_bass,0.0022418496664613485,0.06969588249921799,0.008078144863247871,0.019308527931571007,0.894961953163147,0.005414291750639677,1.983149104489712e-06,3.124441718682647e-05,0.00010768215724965557,0.00015840117703191936,Double_bass
4fb480bf.wav,Double_bass,0.002062763087451458,0.13570749759674072,0.020703542977571487,0.033539216965436935,0.7942758798599243,0.012862052768468857,4.7128519327088725e-06,0.0001204009386128746,0.0003134542494080961,0.00041019375203177333,Double_bass
9dd0141c.wav,Double_bass,0.02943057008087635,0.009111529216170311,0.0008678003214299679,0.0003801927377935499,0.9588479399681091,0.0007637171074748039,2.590729020202076e-10,0.0002621124731376767,5.269470193525194e-07,0.00033585302298888564,Double_bass
deb87700.wav,Double_bass,0.0019227073062211275,0.004464012570679188,0.014399887062609196,0.0010218387469649315,0.9570885300636292,0.019673846662044525,1.231251189892646e-05,0.0003164086665492505,0.00020435369515325874,0.0008961435523815453,Double_bass
e0ecd1a6.wav,Double_bass,0.0748181939125061,0.011334560811519623,0.01391431875526905,1.0215985639661085e-05,0.8998223543167114,1.169274310086621e-05,1.1198162752634744e-07,1.411520042893244e-05,6.130716883490095e-06,6.830101483501494e-05,Double_bass
0286fc27.wav,Double_bass,0.0009211218566633761,0.002220852766185999,0.024532431736588478,0.0016632857732474804,0.9694923162460327,0.000957813928835094,4.45394121584286e-09,3.669073703349568e-05,9.315114084529341e-07,0.00017450032464694232,Double_bass
e2d993ec.wav,Cello,0.0006598250474780798,3.843992089969106e-05,0.9953862428665161,7.034049485810101e-05,0.00010277269029757008,0.00048738502664491534,7.43718864271159e-09,0.00022209063172340393,5.7595407554345e-08,0.0030329616274684668,Cello
0091fc7f.wav,Cello,0.0016165032284334302,0.0022548900451511145,0.9170678853988647,0.02806391566991806,0.003439243184402585,0.00023614734527654946,1.8468297184881521e-06,0.039798952639102936,0.00022421279572881758,0.007296373136341572,Cello
e55c5160.wav,Cello,0.01210771407932043,0.0015009044436737895,0.95679771900177,0.001361186965368688,0.0019804879557341337,0.0035888233687728643,4.962183108858653e-09,0.0028736477252095938,1.4669981283077504e-06,0.019788168370723724,Cello
a59b5a08.wav,Cello,0.002906041219830513,0.015642130747437477,0.9480121731758118,0.0010403621708974242,0.0028476237785071135,0.0002588579955045134,0.0005460956017486751,4.907079346594401e-05,0.00933095533400774,0.01936672441661358,Cello
88500b88.wav,Cello,0.0024944229517132044,0.017108483240008354,0.9156425595283508,1.0860990187211428e-05,0.0023803901858627796,0.00432936754077673,2.4477669740008423e-06,0.047883857041597366,8.187510502466466e-06,0.010139384306967258,Cello
743ae0f9.wav,Cello,0.03658970445394516,0.021040283143520355,0.8095099329948425,0.004268682561814785,0.12095872312784195,0.0016494047595188022,0.00021050911163911223,0.0005756427999585867,0.000672504014801234,0.004524627234786749,Cello
9e3bc1b6.wav,Cello,0.01650158502161503,6.899925210746005e-05,0.9813047647476196,2.6873225579038262e-05,0.0019840060267597437,2.0025310732307844e-05,1.150231128121959e-07,3.2144467695616186e-05,3.8985959690762684e-05,2.2466292648459785e-05,Cello
3e2bddda.wav,Cello,3.17837912007235e-05,2.6281077225576155e-05,0.984792172908783,3.1257903174264356e-05,1.2428148465915e-06,0.0004364352789707482,4.618900675268378e-06,0.012290342710912228,8.298203283629846e-06,0.0023776348680257797,Cello
d328db67.wav,Cello,0.0019942373037338257,0.00022503217041958123,0.9737339019775391,0.0007713689701631665,3.729297168320045e-05,0.0012927433708682656,1.0753072274383157e-05,0.0007647552411071956,2.2417676518671215e-05,0.021147487685084343,Cello
7d896090.wav,Cello,0.01518532820045948,0.005417610052973032,0.9621450304985046,0.0004736433329526335,0.005116182845085859,0.000672528927680105,2.4724356990191154e-05,0.01025477796792984,6.452800880651921e-05,0.0006455971742980182,Cello
4bff8f32.wav,Cello,0.0100025599822402,0.01612170599400997,0.870007336139679,0.033648062497377396,0.06916474550962448,5.702842463506386e-05,1.9772844694898595e-08,0.0009725739364512265,6.159645636216737e-06,1.999138476094231e-05,Cello
5e5bca7a.wav,Cello,0.014839217998087406,0.01752091944217682,0.9446086883544922,0.0035709762014448643,0.0008648764342069626,0.0007778005092404783,6.159555050544441e-05,0.0009601452038623393,2.643057086970657e-05,0.016769608482718468,Cello
811bf309.wav,Cello,0.0004824790230486542,0.008612153120338917,0.9837278127670288,4.884986537945224e-06,0.0003130110853817314,0.0015032365918159485,9.440400026505813e-05,0.0009738348890095949,1.6743655578466132e-05,0.004271664656698704,Cello
5689818f.wav,Cello,0.0204667616635561,0.000859056250192225,0.9761801362037659,4.677008746512001e-06,0.0009780487744137645,6.280308298300952e-05,1.1483077287266497e-05,0.00039084767922759056,2.0348628822830506e-05,0.001025907346047461,Cello
81d9f077.wav,Cello,0.002560810651630163,0.0004948505666106939,0.9803049564361572,0.00034647222491912544,0.015411623753607273,0.00029851842555217445,2.8947773067500293e-09,0.000565756403375417,2.0204504380672006e-07,1.6836185750435106e-05,Cello
00353774.wav,Cello,0.0024068308994174004,8.19659253465943e-05,0.9738131165504456,0.0007602031109854579,0.0007604964775964618,0.0029002923984080553,2.8351372748147696e-05,0.0163787379860878,0.001970006385818124,0.0008998880512081087,Cello
6a210ffa.wav,Cello,0.02669876255095005,0.00042460986878722906,0.8934422135353088,0.0075658224523067474,0.06836050748825073,0.0030391875188797712,2.0498787023370824e-07,0.0002577835984993726,3.1804287573322654e-05,0.00017911772010847926,Cello
e97d9707.wav,Cello,0.004431064240634441,3.744018977158703e-05,0.9743582606315613,0.00033269371488131583,0.01948384754359722,0.0010721472790464759,4.190511759816218e-08,0.0002120693534379825,1.2187561878818087e-05,6.031506200088188e-05,Cello
238b16a5.wav,Cello,0.019289443269371986,0.00018539435404818505,0.8364863991737366,8.09906759968726e-06,0.14287304878234863,0.00023552948550786823,5.101214242131391e-07,6.060587111278437e-05,7.54747525206767e-05,0.0007855269941501319,Cello
dc5be9d7.wav,Cello,0.017750011757016182,0.01733560673892498,0.9409897327423096,0.00011631635425146669,0.023328781127929688,8.087942660495173e-06,1.6647160805405292e-07,2.6978415917255916e-05,0.00038832073914818466,5.599261203315109e-05,Cello
f9653de8.wav,Cello,0.0006186842219904065,0.03195156157016754,0.8315241932868958,0.0003952781262341887,0.13366274535655975,0.0001895253808470443,9.618104741093703e-06,0.0003414309467189014,1.222843025061593e-06,0.0013057859614491463,Cello
31dbc5c0.wav,Cello,0.020111944526433945,0.00302693760022521,0.9152748584747314,5.081724521005526e-05,0.012064828537404537,0.026866422966122627,8.0339896157966e-06,0.0009089484228752553,8.908592462830711e-06,0.021678349003195763,Cello
cbc8d551.wav,Cello,0.05712517350912094,0.025551753118634224,0.8899120092391968,0.002730847103521228,0.0011079816613346338,0.0037543834187090397,0.00041618256364017725,6.421617581509054e-05,0.006363924127072096,0.012973600998520851,Cello
195f544d.wav,Cello,0.003733864752575755,0.015174470841884613,0.9596463441848755,2.632478208397515e-05,0.002628423273563385,0.0065779369324445724,0.0004125657142139971,0.0001147807197412476,2.5936092242773157e-06,0.011682609096169472,Cello
22bea889.wav,Cello,0.0029615021776407957,0.0005657162400893867,0.9176020622253418,0.0008186437771655619,0.07771972566843033,5.423221955425106e-05,7.530378098863366e-08,0.00016063032671809196,2.34281051234575e-05,9.400166891282424e-05,Cello
ab8e8ae3.wav,Cello,0.001983530120924115,0.0066085923463106155,0.9771376848220825,0.0015709841391071677,0.007478203158825636,0.0045181699097156525,2.676184976735385e-06,0.0005107229808345437,2.1609290342894383e-05,0.00016789294022601098,Cello
e70c41d4.wav,Cello,6.287998985499144e-05,9.571136615704745e-06,0.9307524561882019,0.002971222624182701,7.481807529075013e-07,0.057119447737932205,1.4332401576666598e-07,0.0009681260562501848,1.3938880329078529e-05,0.008101634681224823,Cello
125e6ccf.wav,Cello,0.0003274557529948652,0.0001539542863611132,0.9978364706039429,0.00030765857081860304,0.0001022080541588366,0.0007863448117859662,1.3493342443382517e-08,1.2914512126371847e-06,9.650020729168318e-07,0.000483717885799706,Cello
2da9e12a.wav,Cello,0.018161559477448463,0.008496304973959923,0.9454111456871033,0.00010319559805793688,0.026699790731072426,0.00017297295562457293,7.90128183325578e-07,0.00019769241043832153,5.6128817959688604e-05,0.0007003176724538207,Cello
34e4d187.wav,Cello,0.012488337233662605,0.01322005596011877,0.8597938418388367,0.0005439939559437335,0.08895718306303024,0.0010898330947384238,1.49592801790277e-06,0.0002466794103384018,3.437687337282114e-05,0.023624237626791,Cello
52e54bdd.wav,Bass_drum,0.004523105453699827,0.49857228994369507,0.24474547803401947,0.0671161338686943,0.14615367352962494,0.03351953253149986,2.1397974705905654e-05,0.0010112052550539374,0.00047479159547947347,0.0038624133449047804,Bass_drum
6d21ad67.wav,Bass_drum,2.793861767713679e-06,0.971958577632904,0.003027525031939149,3.5153502722096164e-06,0.02500029280781746,3.7134181951614664e-08,4.256444530170711e-09,1.9625589686711464e-07,4.190563686279347e-06,2.977223402922391e-06,Bass_drum
ca3f3698.wav,Bass_drum,1.8364959331051978e-08,0.9999771118164062,1.7778049254957295e-08,1.8181350869284074e-10,2.284788388351444e-05,7.352586421649487e-12,3.343825867238581e-13,2.1024371577027523e-08,2.1843181777225773e-11,1.3140802335165347e-10,Bass_drum
aa9ae956.wav,Bass_drum,7.242892934300471e-06,0.9970673322677612,0.0020483785774558783,0.00020731124095618725,0.0006073244148865342,3.604538505896926e-05,2.221613613073714e-07,1.1374030691513326e-05,4.8537631300860085e-06,9.895969014905859e-06,Bass_drum
0ddb4bdf.wav,Bass_drum,8.683136547915637e-05,0.9861065745353699,0.0020909951999783516,0.006635418627411127,0.0044164592400193214,0.000514123763423413,1.2634525319299428e-06,5.457901715999469e-05,2.3703769329586066e-05,7.002740312600508e-05,Bass_drum
921eee9d.wav,Bass_drum,0.01127226185053587,0.9695339202880859,0.005257126409560442,0.006304733920842409,0.0072363330982625484,0.00029964203713461757,4.227874228490691e-08,1.3241930901131127e-05,1.0433718671265524e-05,7.233882934087887e-05,Bass_drum
c153f347.wav,Bass_drum,5.888627541139613e-08,0.9993942379951477,4.815815373149235e-07,5.8831936655678874e-08,0.0006041532615199685,1.8774359844542232e-09,3.453990912727356e-11,8.756342850801957e-08,9.876779358819476e-07,1.7949479680368086e-09,Bass_drum
63e0ab2c.wav,Bass_drum,3.628105332609266e-05,0.8934188485145569,0.0038829369004815817,2.9155095035093836e-05,0.10258244723081589,1.5913958122837357e-05,3.13341494972974e-08,1.0530007784836926e-05,1.0277200090058614e-05,1.3649900211021304e-05,Bass_drum
88780eac.wav,Bass_drum,0.0002748614933807403,0.9662426114082336,0.020521778613328934,0.0013450972037389874,0.0011416530469432473,0.005987900774925947,2.9991811970830895e-05,4.526090560830198e-05,0.0043777539394795895,3.3101419830927625e-05,Bass_drum
bea51ca5.wav,Bass_drum,0.00030949866049923003,0.7909496426582336,0.0069353156723082066,0.0007221327978186309,0.010060935281217098,0.190721333026886,1.486154976859666e-09,0.00013415582361631095,7.377046131296083e-06,0.00015966303180903196,Bass_drum
f26131d8.wav,Bass_drum,2.296117287414745e-07,0.9919593334197998,0.00032451795414090157,1.6965192116913386e-05,3.346979610796552e-06,3.465566749127902e-07,1.0610565368551761e-05,0.006837144028395414,0.00043324855505488813,0.0004142761754337698,Bass_drum
ce75b5ce.wav,Bass_drum,3.509968848902645e-08,0.9999921321868896,2.8285833764130075e-07,1.4217921284753743e-09,3.3641838399489643e-06,5.09534012205215e-11,2.014769279412576e-06,4.5098545342625584e-07,1.70726457326964e-06,2.56901540041099e-08,Bass_drum
565f3ee2.wav,Bass_drum,0.0018466308247298002,0.9559081196784973,0.029585717245936394,0.0003226794651709497,0.004407714121043682,1.3261934554975596e-06,1.830223368415318e-07,0.006942253094166517,1.5713927496108226e-05,0.0009697480127215385,Bass_drum
ff11628d.wav,Bass_drum,2.4065851903287694e-05,0.9798057675361633,0.0011090224143117666,0.005125933326780796,0.013530214317142963,0.00027110212249681354,5.241142986278646e-08,0.0001073614475899376,7.413968887703959e-06,1.9104283637716435e-05,Bass_drum
cdfc8967.wav,Bass_drum,0.0027640864718705416,0.6236943602561951,0.17977039515972137,0.10826916992664337,0.024791795760393143,0.05233212560415268,6.0763268265873194e-05,0.0011744663352146745,0.0004771726089529693,0.006665688008069992,Bass_drum
f8a99b37.wav,Bass_drum,1.0740330253611319e-05,0.9923921823501587,0.003051843959838152,0.0009348594467155635,0.003215743927285075,8.758678450249135e-05,1.1472471896922798e-06,0.00015301465464290231,1.6601652532699518e-06,0.0001512020971858874,Bass_drum
809ea09e.wav,Bass_drum,1.6454735032311874e-06,0.9987828135490417,0.00010870232654269785,0.00013077676703687757,0.0009533693082630634,7.70899532653857e-06,3.762362865700197e-08,8.616077138867695e-06,3.676970209198771e-06,2.595640808067401e-06,Bass_drum
03fc1f96.wav,Bass_drum,0.03496890887618065,0.9206962585449219,0.03295109048485756,0.00010824803030118346,0.010166337713599205,0.0004137655778322369,2.7393680284149013e-05,0.00022099647321738303,0.0003570360713638365,8.993159281089902e-05,Bass_drum
8b6a16de.wav,Bass_drum,7.697980031196039e-09,0.9997460246086121,2.3581986141607558e-08,2.5754606780559186e-10,0.0002539215493015945,1.8083317829264978e-11,5.79073600051952e-14,6.9885546238879215e-09,1.514173682271025e-11,1.0338414846433608e-10,Bass_drum
7dda9dc2.wav,Bass_drum,0.002545284340158105,0.9760032892227173,0.0035831606946885586,0.0028327174950391054,0.0009079211158677936,0.00023382723156828433,0.0005588663043454289,0.0034311439376324415,0.008767436258494854,0.0011361746583133936,Bass_drum
3a9085ca.wav,Bass_drum,7.821166718713357e-07,0.999686062335968,5.932206840952858e-05,9.436109280613891e-07,2.8983492939005373e-06,4.1415847817916074e-07,4.4947664719074965e-05,3.926294812117703e-05,0.00014126037422101945,2.408438922429923e-05,Bass_drum
4ba2b70e.wav,Bass_drum,2.7502210286911577e-08,0.9999939799308777,3.332753450990822e-08,1.0470870698275903e-10,9.58265331973962e-07,1.4874024234501348e-10,4.522948060525778e-08,1.945706344486098e-06,3.0554458589904243e-06,2.129100229453229e-09,Bass_drum
01c2f88b.wav,Bass_drum,0.0006825381424278021,0.8049049377441406,0.0839848592877388,0.023918671533465385,0.05261437967419624,0.014243736863136292,1.739056301630626e-06,0.00024110927188303322,3.881301745423116e-05,0.01936921291053295,Bass_drum
ce3f3400.wav,Bass_drum,0.10680623352527618,0.7346668839454651,0.1450740396976471,9.672134183347225e-05,0.0023693598341196775,1.5284222172340378e-05,0.00022832176182419062,0.0004932157462462783,0.00013972206215839833,0.010110271163284779,Bass_drum
6a96272b.wav,Bass_drum,0.00020010040316265076,0.9609443545341492,0.00028064794605597854,5.308091658662306e-06,0.038567978888750076,1.5621155569078837e-07,5.151543254477975e-13,1.0780510137919919e-06,3.399302386242198e-07,7.207897567695909e-08,Bass_drum
9adffd44.wav,Bass_drum,0.00012808492465410382,0.9819628000259399,1.1436515706009232e-05,5.442874453365221e-07,0.01789635606110096,7.527738432600017e-08,6.053332279876145e-10,7.827643457858358e-07,1.02014938718753e-08,1.9666877904001012e-07,Bass_drum
7d11b3b4.wav,Bass_drum,1.3113383712237692e-09,0.9999961853027344,1.7702164178956536e-09,8.256608174939117e-10,3.5559980915422784e-06,1.5227140295198671e-12,2.7913693925740724e-11,4.160764621730095e-09,2.4968841216832516e-07,5.7592410007689665e-11,Bass_drum
bab98261.wav,Bass_drum,4.904101569280783e-10,0.9999992251396179,4.195058522782347e-08,3.3148532807558695e-09,1.9709378307197767e-07,1.4565296885260537e-11,4.719471688452437e-11,3.614776389326835e-08,5.215173928263539e-07,7.402307100612404e-10,Bass_drum
c11bacda.wav,Bass_drum,0.000957851589191705,0.9513620138168335,0.025288069620728493,0.003493299474939704,0.007891121320426464,0.007213445845991373,6.652198499068618e-05,0.0012422417057678103,0.0001552511239424348,0.0023302226327359676,Bass_drum
9a4bfb69.wav,Bass_drum,0.00013883931387681514,0.8201424479484558,0.027868498116731644,0.002577607985585928,0.14889968931674957,0.00019703232101164758,6.137015873264318e-08,7.327210369112436e-06,4.104148047190392e-06,0.00016438457532785833,Bass_drum
18865530.wav,Flute,0.0011723353527486324,4.2136921507562874e-08,0.0004997736541554332,0.0003436606493778527,2.0537534339837293e-08,0.9970763921737671,3.76977631333375e-08,1.3319483116447373e-07,2.1970661734371788e-08,0.0009075677953660488,Flute
9f6eac9c.wav,Flute,2.3847949250921374e-06,1.0168616881855996e-07,0.00011604796600295231,0.006708442699164152,4.352094492787728e-06,0.9930729269981384,4.239461670607625e-09,8.97799400263466e-05,5.510975675804275e-09,6.015237886458635e-06,Flute
07db7f16.wav,Flute,0.00017670496890787035,0.015231278724968433,0.006152804009616375,0.03118245303630829,0.001123409834690392,0.9446746110916138,4.49012077297084e-06,4.1484319808660075e-05,0.00019542427617125213,0.0012171919224783778,Flute
dc6676ff.wav,Flute,2.43506605102084e-07,5.360780619412253e-08,0.000218055589357391,0.0066605485044419765,1.5608604371664114e-05,0.9928163290023804,1.7154062614821441e-09,0.0002671264810487628,8.758948233378305e-09,2.195633169321809e-05,Flute
3eaddda8.wav,Flute,0.02068464830517769,2.022350145125529e-06,0.003915977664291859,0.008890700526535511,0.00014112098142504692,0.9426490068435669,7.395315027025617e-09,0.019208496436476707,9.420892297384853e-07,0.004507061094045639,Flute
1b93aeba.wav,Flute,0.00015929271467030048,1.7508374128283322e-07,7.5636371548171155e-06,0.00023739579773973674,5.749505726271309e-05,0.9993572235107422,2.568061596708304e-10,4.388586773984571e-07,6.681511788286798e-09,0.00018047250341624022,Flute
c683f28f.wav,Flute,5.128757152306207e-07,2.283809052983088e-08,0.0004537195200100541,0.0009294333285652101,1.3142555099765474e-10,0.9986158013343811,2.0424720942324726e-12,2.386322806025021e-10,2.1074910293604e-15,3.90564537156024e-07,Flute
55d52a69.wav,Flute,1.4164407957650837e-06,0.0002069684851448983,0.013430179096758366,0.008535229600965977,4.2104667954845354e-05,0.9626014232635498,1.4056148756935727e-05,0.014213827438652515,5.079424525433751e-08,0.0009548432426527143,Flute
ca8653d2.wav,Flute,1.1775944585679099e-05,1.7102114725275896e-05,0.011661061085760593,0.00041791406692937016,0.0002529530902393162,0.9874119758605957,3.999788555919537e-10,0.0002083813160425052,1.9851136012771775e-10,1.870863161457237e-05,Flute
6b27a847.wav,Flute,2.523205694160424e-06,4.742540568258846e-06,0.0021395860239863396,0.004204283002763987,1.523239347989147e-06,0.9934698343276978,2.261512463519466e-06,3.5652155929710716e-05,5.5306936808108276e-09,0.00013987868442200124,Flute
4bcc8a77.wav,Flute,0.00019255005463492125,2.8321041067869146e-09,1.8943655959446914e-06,0.00019115462782792747,9.633228728489485e-06,0.9993828535079956,7.682920966090023e-11,0.0002031460462603718,1.3770165563364856e-10,1.8679467757465318e-05,Flute
84f5b84b.wav,Flute,5.226077903763837e-10,2.566797651976007e-14,1.6447516681949992e-09,0.0004187465237919241,5.2417296197981855e-11,0.9995812177658081,6.990762389948819e-15,2.9433930848199452e-09,5.117382224471051e-18,8.901969827945777e-09,Flute
5d73ee6f.wav,Flute,0.0016425438225269318,0.0004696458636317402,0.011637275107204914,0.031949687749147415,0.0009125526994466782,0.951464831829071,3.630043283919804e-05,0.0014565038727596402,2.3075637727743015e-05,0.000407407438615337,Flute
5d040c3b.wav,Flute,0.0004924698732793331,9.868835526560815e-09,0.0005693744169548154,1.505758632447396e-06,4.3431282392703e-06,0.9988409876823425,5.754232645927004e-10,1.5662501482438529e-06,1.121094328482286e-08,8.974216325441375e-05,Flute
6a037ddf.wav,Flute,0.00010694990487536415,0.010425696149468422,0.01603098213672638,0.013039721176028252,0.0008072739583440125,0.9570672512054443,1.6874599168659188e-05,0.0004088255809620023,9.204444359056652e-05,0.002004558453336358,Flute
35e97db3.wav,Flute,1.1178790373378433e-06,4.517076490628824e-09,1.7805014067562297e-05,7.556258788099512e-05,1.8010991587047442e-09,0.999904990196228,1.7207332447810586e-08,6.1183068160441945e-12,1.7302501255757677e-14,5.06443598169426e-07,Flute
d14f5df1.wav,Flute,0.004821873269975185,1.2561752100737067e-06,0.017054513096809387,0.005915968678891659,0.0008769676787778735,0.9667794108390808,1.093009586838889e-06,0.004466404672712088,5.58690205210155e-09,8.277264714706689e-05,Flute
9f522cda.wav,Flute,1.962235501196119e-06,2.732923443105051e-09,5.2460518418229185e-06,0.013087186962366104,9.867551398201613e-07,0.9868218302726746,2.6201760761068726e-07,2.578718294898863e-06,1.639773294925817e-08,8.001017704373226e-05,Flute
fe76c972.wav,Flute,0.012471686117351055,1.9743322354770498e-07,0.026906991377472878,0.002840836066752672,0.00028904806822538376,0.9568402171134949,3.336458220815075e-09,0.00064559665042907,6.608440461519649e-10,5.544088708120398e-06,Flute
562d93f5.wav,Flute,6.966696673771366e-05,0.001392277656123042,0.0005138174165040255,0.012923844158649445,0.0005102926515974104,0.9724298119544983,4.821831225854112e-06,0.012009511701762676,5.3652702263207175e-06,0.00014059385284781456,Flute
fa32109e.wav,Flute,0.003955277614295483,8.364610403077677e-05,0.0018909916980192065,0.015741320326924324,0.00017176471010316163,0.9722226858139038,1.8959424778586254e-05,0.0005426955176517367,8.971780516731087e-06,0.005363918375223875,Flute
b4b2b68d.wav,Flute,0.03671296685934067,0.00036994434776715934,0.033603791147470474,0.0027135098353028297,0.011742785573005676,0.9055321216583252,2.400932999080396e-07,0.008976651355624199,5.256567419564817e-06,0.0003428504569455981,Flute
af227d6f.wav,Flute,0.0008326682145707309,1.867751961981412e-05,0.055755894631147385,0.012647241353988647,0.00023660250008106232,0.9210115075111389,0.0016888566315174103,0.007349537219852209,4.3786297965198173e-07,0.0004587524163071066,Flute
85d6a7d2.wav,Flute,0.0002489284670446068,5.596395524776199e-08,0.005517116282135248,0.004041092935949564,5.186110229260521e-06,0.9867975115776062,5.904369354547967e-11,0.003379504196345806,5.159976612656436e-12,1.0634000318532344e-05,Flute
3707da71.wav,Flute,0.0003270152665209025,2.811376816680422e-06,0.003461479675024748,0.04195725917816162,0.00041552004404366016,0.9421570897102356,4.4856886205479896e-08,0.00017424425459466875,0.01138007640838623,0.0001244005252374336,Flute
61c914b1.wav,Flute,6.974230927880853e-05,0.0001273515954380855,0.005080447532236576,0.030618971213698387,3.820379333774326e-06,0.9615222215652466,5.7047191859282975e-08,0.002509072655811906,8.988623676486895e-07,6.749886961188167e-05,Flute
f5e20dce.wav,Flute,0.0638599693775177,5.583061920333421e-06,0.07456834614276886,0.019800210371613503,0.010453876107931137,0.7910727858543396,5.773783868789906e-06,0.033248189836740494,5.800486633233959e-06,0.006979416124522686,Flute
b0d9849d.wav,Flute,2.627508729347028e-05,0.0013000478502362967,0.021511349827051163,0.013570300303399563,0.00015965223428793252,0.9448906183242798,0.0006705906125716865,0.011617878451943398,3.161149379593553e-06,0.006250220350921154,Flute
6ef82473.wav,Flute,0.01221146434545517,9.83917652774835e-06,0.005515409633517265,0.006531436461955309,0.032506104558706284,0.9345471858978271,9.970808889647742e-08,0.008602695539593697,8.80955894899671e-07,7.48223319533281e-05,Flute
8986cced.wav,Flute,1.0869780453504063e-05,3.133791608433967e-07,3.8174061046447605e-05,4.62985408375971e-05,8.315650120493956e-06,0.9998437166213989,6.266132612786635e-10,4.721882214653306e-05,2.3501199564179842e-07,4.830440957448445e-06,Flute
a64a3740.wav,Clarinet,5.239484835328767e-06,3.1642439779488996e-09,2.8196386665513273e-06,0.9982551336288452,3.672413129152119e-07,0.0015106573700904846,4.362885053232901e-12,5.335770936198969e-08,4.028235967012961e-09,0.00022578585776500404,Clarinet
ad7ec8cb.wav,Clarinet,3.3598437365611744e-09,1.0624685575777448e-09,2.734676490945276e-05,0.9999092221260071,3.558814798410026e-09,3.9226368244271725e-05,1.4033965775508278e-13,1.1357459417382643e-09,1.0334133548894897e-09,2.4178852982004173e-05,Clarinet
8ee44fb5.wav,Clarinet,0.05191262811422348,5.8036431482833e-07,3.868688054353697e-06,0.9478434324264526,0.00013700046110898256,7.855102012399584e-05,1.3981096181226327e-14,2.1115492927492596e-06,1.9074273893693316e-07,2.1554764316533692e-05,Clarinet
7eb959ec.wav,Clarinet,0.004741562530398369,6.120830221334472e-06,0.0005924702854827046,0.9652726054191589,0.006544006522744894,0.01450114231556654,0.006492334417998791,0.001639150665141642,1.3772798865829827e-06,0.0002092585200443864,Clarinet
e51e1770.wav,Clarinet,2.9925522539997473e-05,4.801937620868557e-07,1.5233653130053426e-06,0.9802693724632263,0.00044291617814451456,0.0014277668669819832,0.00010702907457016408,0.01769104041159153,1.2619378821909777e-06,2.87863385892706e-05,Clarinet
3f7e6da8.wav,Clarinet,8.408638677792624e-05,4.3868234045341126e-10,9.307157142757205e-07,0.9998782277107239,9.661030730967468e-08,9.50043886405183e-06,7.608700514083466e-08,1.5349002069342532e-07,2.4964896816470628e-09,2.6991434424417093e-05,Clarinet
3cbe9902.wav,Clarinet,0.00014326961536426097,0.007806235924363136,0.03147390857338905,0.9298453330993652,0.0011988597689196467,0.026114072650671005,1.1443823495937977e-05,0.00040067886584438384,0.0001269421336473897,0.002879246138036251,Clarinet
9a722e53.wav,Clarinet,8.157957381627057e-06,4.049047674925532e-08,2.8706924126709055e-07,0.9994059205055237,4.1208833863493055e-05,0.0005287518724799156,1.3936868355885444e-14,1.4485545761999674e-05,1.0748124612547372e-09,1.6510318801010726e-06,Clarinet
19105b8a.wav,Clarinet,0.0010885504307225347,4.843359988626617e-07,0.0005602917517535388,0.9956474304199219,0.00019075354794040322,0.0012654135935008526,3.594933275508083e-07,0.0009060779702849686,3.818412551481742e-06,0.0003367700846865773,Clarinet
1f81cc2b.wav,Clarinet,7.00522432452999e-05,1.518250343224281e-07,0.00024291289446409792,0.9641547799110413,0.00012019257701467723,0.03059091605246067,1.5956276577799855e-10,0.004798775538802147,3.395022929453262e-07,2.216330358351115e-05,Clarinet
44c5094c.wav,Clarinet,6.328971124958116e-08,5.895197219274451e-09,0.00013205409049987793,0.9974355697631836,6.633997600147268e-06,0.0009709455189295113,7.813972906138507e-17,0.0012392515782266855,3.8130039570205554e-07,0.00021518174617085606,Clarinet
5506629f.wav,Clarinet,8.158545824699104e-05,0.0019870290998369455,0.003647716250270605,0.9908329248428345,0.0016332328086718917,0.0015939339064061642,1.7129044636021717e-06,0.00012193408474558964,6.808046600781381e-05,3.179759733029641e-05,Clarinet
ddf23920.wav,Clarinet,0.0006049983785487711,4.080543021700578e-06,1.728537790768314e-05,0.9982147216796875,0.0004365321365185082,0.0006508734659291804,9.252282273664036e-11,1.1110507330158725e-05,6.027474341863126e-08,6.0292579291854054e-05,Clarinet
2e1cd085.wav,Clarinet,1.0889001700320478e-08,3.1806363098851875e-12,2.576016910893486e-08,0.9997380971908569,8.016851182901519e-09,0.0002617988211568445,1.383619054917039e-17,1.2076588340459438e-10,2.0046254424217064e-13,3.6120169966125104e-08,Clarinet
dc981a38.wav,Clarinet,2.2692140191793442e-05,6.93843276167172e-07,0.00018502991588320583,0.9207560420036316,0.0016640047542750835,0.07622317969799042,5.45044986921539e-09,1.0816538633662276e-05,3.8772367538797425e-09,0.001137538580223918,Clarinet
a053797b.wav,Clarinet,0.013672863133251667,1.599316306055698e-06,1.6791286725492682e-06,0.9857121706008911,0.00027988155488856137,0.0001078235000022687,4.306484856220205e-12,0.00019277191313449293,1.3275553101266269e-07,3.099441892118193e-05,Clarinet
f2310f0d.wav,Clarinet,0.0048430017195641994,0.0023222421295940876,0.006238514557480812,0.9594200849533081,0.00105581886600703,0.017810845747590065,0.00015470328798983246,0.0001444540248485282,5.9347185015212744e-06,0.008004223927855492,Clarinet
ce65d6b5.wav,Clarinet,0.0004892291617579758,2.5425008516322123e-06,2.029054485319648e-06,0.9850537776947021,0.00019021051411982626,0.005065396893769503,8.937098172623337e-09,0.007560215424746275,1.4686866052215919e-05,0.0016217832453548908,Clarinet
45de3233.wav,Clarinet,0.0012092703254893422,0.008717796765267849,0.025758136063814163,0.9364177584648132,0.0012405014131218195,0.015249657444655895,3.837660915451124e-05,0.0002941038110293448,5.1434060878818855e-05,0.011023033410310745,Clarinet
8916ffcd.wav,Clarinet,9.92561544990167e-05,7.641085986165308e-09,7.064766691655677e-07,0.9934312105178833,0.0051794396713376045,0.00126721803098917,1.0082113739522374e-14,2.1367381123127416e-05,1.1283518563942607e-10,9.236299547410454e-07,Clarinet
e43f7db2.wav,Clarinet,4.1374162429441697e-10,3.875102017047993e-09,0.0010135025950148702,0.9987608194351196,1.4825126903872388e-08,0.0002100447891280055,1.860491490467942e-17,2.6763979121824377e-07,2.959555656101287e-10,1.539946060802322e-05,Clarinet
3c66098d.wav,Clarinet,0.0001192127019749023,4.959730404152651e-07,0.00011638046998996288,0.9670091867446899,2.450628744554706e-05,0.032685618847608566,1.599272658747708e-10,3.1250340271071764e-06,2.0034315872941022e-10,4.147535946685821e-05,Clarinet
ad42e493.wav,Clarinet,0.00014721756451763213,3.963242306781467e-06,0.0019119016360491514,0.9904567003250122,7.54502834752202e-05,0.00395631417632103,1.1674635516101262e-06,0.001830452703870833,3.365944166944246e-06,0.0016134340548887849,Clarinet
740e5bb7.wav,Clarinet,0.00782616063952446,0.00518059404566884,0.03343689441680908,0.8958155512809753,0.002488290425390005,0.016100384294986725,0.0005237914156168699,0.008418107405304909,0.001605570432730019,0.028604716062545776,Clarinet
800b401e.wav,Clarinet,0.0185248926281929,0.00017895708151627332,0.0012623332440853119,0.9716430306434631,0.008329370059072971,5.382211384130642e-05,5.817751280723371e-10,1.551808708200042e-07,3.1833030789130135e-07,7.164027920225635e-06,Clarinet
3c713bcf.wav,Clarinet,7.955232831591275e-06,0.00029934218036942184,0.00010912673315033317,0.9925369024276733,0.006853275932371616,6.06851926931995e-06,4.348361926531652e-06,0.0001485370594309643,2.7698320081981365e-07,3.4237436921102926e-05,Clarinet
2fc00271.wav,Clarinet,0.006611787714064121,5.0448438315697786e-08,3.259739969507791e-06,0.9921609163284302,0.0009063344332389534,0.0002663213526830077,7.455940931322402e-08,2.0030827272421448e-06,2.1095691860040233e-09,4.9354075599694625e-05,Clarinet
b0c06255.wav,Clarinet,1.2351231362117687e-06,5.670591463058372e-07,0.0013329205103218555,0.9611777067184448,0.00035089949960820377,0.028804292902350426,1.9102852633068323e-09,0.008230355568230152,7.956347386484097e-11,0.00010199376993114129,Clarinet
71c6451f.wav,Clarinet,5.223303674029012e-07,1.791801196304732e-08,1.076331272997777e-06,0.9898226261138916,3.3381754747097148e-06,0.010157694108784199,4.152893103731049e-14,3.3246127628672184e-08,8.253000949309808e-09,1.46836755448021e-05,Clarinet
5de123c3.wav,Clarinet,0.0007487167604267597,8.491198286719737e-07,0.001585333258844912,0.9960829615592957,0.00011492420162539929,0.0010633968049660325,4.116819385391324e-11,0.0003925427736248821,6.228668780750013e-07,1.0725881111284252e-05,Clarinet
